ep,min,max,avg
0.000000, 2.574000, 2.574000, 0.257400,
10.000000, 1.620000, 126.085000, 39.380400,
20.000000, 0.900000, 396.940000, 50.558500,
30.000000, 0.000000, 671.629000, 94.631700,
40.000000, 0.000000, 401.859000, 80.585600,
50.000000, 1.800000, 645.270000, 77.107700,
60.000000, 0.000000, 107.540000, 19.998200,
70.000000, 0.900000, 338.790000, 38.504300,
80.000000, 0.000000, 850.014000, 102.712200,
90.000000, 2.900000, 245.125000, 31.734900,
