ep,min,max,avg
0.000000, 4.965000, 4.965000, 0.496500,
10.000000, 1.800000, 21.424000, 10.284900,
20.000000, 0.000000, 18.514000, 7.162100,
30.000000, 0.900000, 27.549000, 9.856800,
